First Name,Last Name,Phone,Number Plate
Mike,Farrell,0711430187,KTWB 123A
William,Armstrong,0711430187,6Z871PP2
Patrick,Foster,0711430187,WL5HG7S7
Luke,Thomas,0711430187,ZNR4T7RQ
Emma,Kelley,0711430187,EYJTBHKT
Bruce,Hawkins,0711430187,OREM05RD
Andrew,Ryan,0711430187,7CI1S1LW
Belinda,Walker,0711430187,K98RS92E
Henry,Russell,0711430187,VR4DQUQ5
Myra,Perkins,0711430187,JO4WVAHT
Richard,Kelley,0711430187,DJ13PGTQ
Edgar,Wilson,0711430187,5Z0REBB7
Adison,Myers,0711430187,K08OIBNS
Thomas,Murray,0711430187,ASCH3V6K
Ned,West,0711430187,EK0288Y5
Sawyer,Evans,0711430187,HUV9VGLI
Luke,Howard,0711430187,H8KBI8QI
Lana,Thompson,0711430187,FAKQBH3E
Wilson,Henderson,0711430187,SNPUJUL7
Antony,Murray,0711430187,K08I8Z2L
Lily,Barnes,0711430187,QH0Y8T3C
Jack,Nelson,0711430187,EJIGBBWA
Deanna,Thompson,0711430187,CSAGE955
Roland,Anderson,0711430187,YHK2YRMH
Lucy,Armstrong,0711430187,NK1YORA0
Maya,Moore,0711430187,IPAJW6BA
Tiana,Smith,0711430187,POXTEIWT
Agata,Owens,0711430187,0NBH7YHO
Catherine,Riley,0711430187,53CCIONF
Henry,Dixon,0711430187,5R5DPIRY
Kellan,Mason,0711430187,SG4X6LIE
Naomi,Turner,0711430187,AR6742HU
Fiona,Payne,0711430187,65MGM27R
Elian,Tucker,0711430187,W67NIN03
Mary,Hawkins,0711430187,6C1XKG49
Antony,Robinson,0711430187,C918Z76G
Dale,Turner,0711430187,79YZXXOZ
Roland,Cunningham,0711430187,358XGA6F
Daryl,Lloyd,0711430187,53TH19QZ
Paige,Owens,0711430187,24G5CMOQ
Audrey,Watson,0711430187,IM4EDAS6
Brianna,Gibson,0711430187,9LJERU1E
Fenton,Wright,0711430187,6J4Z8NQY
Brianna,Douglas,0711430187,BECEY05C
Alina,Stewart,0711430187,A6HN0SMX
William,Carter,0711430187,QIPLD3QT
Evelyn,Fowler,0711430187,K2UY0H6B
Alfred,Alexander,0711430187,I53TQUBC
Mike,Morris,0711430187,42FV9Q5L
Caroline,Higgins,0711430187,O7L9S05A
Aston,Campbell,0711430187,Z2VVAOLY
Valeria,Foster,0711430187,4RCSWGWK
Derek,Scott,0711430187,1F6QKTEI
Lenny,Wilson,0711430187,Q9GIN0UD
Darcy,Perkins,0711430187,0VO48NC9
Honey,West,0711430187,UDY8TTF3
Brooke,Rogers,0711430187,6RBYKQAE
Ryan,Hamilton,0711430187,08S9SR04
Sawyer,Andrews,0711430187,3IRG28K9
Jasmine,Payne,0711430187,FI4545PP
Dexter,Tucker,0711430187,PDMT4XXC
Aiden,Elliott,0711430187,N8KB2VAF
John,Bennett,0711430187,DT45PORK
Melissa,Armstrong,0711430187,TDI1R1GC
Nicholas,Morrison,0711430187,A0NP772M
Ada,Phillips,0711430187,CIUH3Z5E
Amber,Ryan,0711430187,I1VOIUBQ
Daisy,Evans,0711430187,7P6XSZ1V
Vanessa,Howard,0711430187,H865HNP8
Robert,Morris,0711430187,52HX1RBD
Frederick,Robinson,0711430187,G3YOZ5ST
Adele,Howard,0711430187,ZDDQLNOR
Melissa,Owens,0711430187,3UYSXO0V
Chloe,Walker,0711430187,JZF866ZC
Sydney,Richards,0711430187,VERBM3OK
Savana,Gray,0711430187,94GC5RSU
Dexter,Scott,0711430187,36GME8TX
Heather,Wells,0711430187,XYI8XI1S
Alina,Murphy,0711430187,5G3RGEKK
Vivian,Wilson,0711430187,LL3TKXAM
Alissa,Lloyd,0711430187,P14I9LZE
Brooke,Smith,0711430187,ZYXHVBZR
Kristian,Hamilton,0711430187,HP4BFSVQ
Preston,Turner,0711430187,HHXCNJIF
Savana,Nelson,0711430187,9P1QRFWD
Jared,Perry,0711430187,E1JLW3LV
Edith,Perry,0711430187,SW2BPERY
Edwin,Spencer,0711430187,CY1QGT60
Robert,Cunningham,0711430187,Q7UU6VVR
Sofia,Ferguson,0711430187,25TEIWB0
Alina,Jones,0711430187,E10LKNED
Stuart,Baker,0711430187,3PI9EC8V
Clark,Campbell,0711430187,BALJYRLS
Miley,Johnston,0711430187,X90D1Q54
Lyndon,Stewart,0711430187,GDA2Y0O0
Carina,Ross,0711430187,HVEJHKPS
Emily,Jones,0711430187,QHQQA3K6
Elise,Moore,0711430187,0PA17XDW
Lucy,Adams,0711430187,L8KUFRXX
Carl,Robinson,0711430187,DTJEOFLW